"契約企業名 or 屋号","制作タイプ","制作モデル","店舗数","公開ドメイン","既存URL","既存サイト色味","既存サイト文言","ブログはありますか","ブログURL1","ブログURL2","ブログURL3","ブログURL4","ブログURL5","アクセスページはありますか","アクセスページURL1","アクセスページURL2","アクセスページURL3","アクセスページURL4","アクセスページURL5","フォームはありますか","フォームURL1","フォームURL2","フォームURL3","フォームURL4","フォームURL5","サイトマップはありますか","サイトマップURL","その他の動的ページはありますか","その他の動的ページURL 1","その他の動的ページURL 2","その他の動的ページURL 3","その他の動的ページURL 4","その他の動的ページURL 5","外部リンクオプション (追加分)","事前見積り","見積もりID","見積もり金額","サイト制作目的","その他の場合","地域","業種","業種カテゴリー","業種","業種補足","業態","会社・店舗の従業員数","ドメイン対応方法","メールアカウント","ドメイン移管作業 ","担当者","担当者カナ","担当者連絡先","役職","連絡が取りやすい時間帯","連絡が取りやすい曜日","人柄","お客様のニーズ","PC・SEOリテラシー ","デザイン要望","ライティング要望","備考","記載省略","単独店舗 (名称)","単独店舗 (郵便番号)","単独店舗 (住所)","単独店舗 (電話番号)","単独店舗 (FAX番号)","単独店舗 (始業時間)","単独店舗 (就業時間)","単独店舗 (定休日)","単独店舗 (営業日・定休日備考)","単独店舗 (その他)","複数店舗1 (名称)","複数店舗1 (郵便番号)","複数店舗1 (住所)","複数店舗1 (電話番号)","複数店舗1 (FAX番号)","複数店舗1 (始業時間)","複数店舗1 (就業時間)","複数店舗1 (定休日)","複数店舗1 (営業日・定休日備考)","複数店舗1 (その他)","複数店舗2 (名称)","複数店舗2 (郵便番号)","複数店舗2 (住所)","複数店舗2 (電話番号)","複数店舗2 (FAX番号)","複数店舗2 (始業時間)","複数店舗2 (就業時間)","複数店舗2 (定休日)","複数店舗2 (営業日・定休日備考)","複数店舗2 (その他)","複数店舗3 (名称)","複数店舗3 (郵便番号)","複数店舗3 (住所)","複数店舗3 (電話番号)","複数店舗3 (FAX番号)","複数店舗3 (始業時間)","複数店舗3 (就業時間)","複数店舗3 (定休日)","複数店舗3 (営業日・定休日備考)","複数店舗3 (その他)","複数店舗4 (名称)","複数店舗4 (郵便番号)","複数店舗4 (住所)","複数店舗4 (電話番号)","複数店舗4 (FAX番号)","複数店舗4 (始業時間)","複数店舗4 (就業時間)","複数店舗4 (定休日)","複数店舗4 (営業日・定休日備考)","複数店舗4 (その他)","複数店舗5 (名称)","複数店舗5 (郵便番号)","複数店舗5 (住所)","複数店舗5 (電話番号)","複数店舗5 (FAX番号)","複数店舗5 (始業時間)","複数店舗5 (就業時間)","複数店舗5 (定休日)","複数店舗5 (営業日・定休日備考)","複数店舗5 (その他)","複数店舗6 (名称)","複数店舗6 (郵便番号)","複数店舗6 (住所)","複数店舗6 (電話番号)","複数店舗6 (FAX番号)","複数店舗6 (始業時間)","複数店舗6 (就業時間)","複数店舗6 (定休日)","複数店舗6 (営業日・定休日備考)","複数店舗6 (その他)","複数店舗7 (名称)","複数店舗7 (郵便番号)","複数店舗7 (住所)","複数店舗7 (電話番号)","複数店舗7 (FAX番号)","複数店舗7 (始業時間)","複数店舗7 (就業時間)","複数店舗7 (定休日)","複数店舗7 (営業日・定休日備考)","複数店舗7 (その他)","複数店舗8 (名称)","複数店舗8 (郵便番号)","複数店舗8 (住所)","複数店舗8 (電話番号)","複数店舗8 (FAX番号)","複数店舗8 (始業時間)","複数店舗8 (就業時間)","複数店舗8 (定休日)","複数店舗8 (営業日・定休日備考)","複数店舗8 (その他)","複数店舗9 (名称)","複数店舗9 (郵便番号)","複数店舗9 (住所)","複数店舗9 (電話番号)","複数店舗9 (FAX番号)","複数店舗9 (始業時間)","複数店舗9 (就業時間)","複数店舗9 (定休日)","複数店舗9 (営業日・定休日備考)","複数店舗9 (その他)","複数店舗10 (名称)","複数店舗10 (郵便番号)","複数店舗10 (住所)","複数店舗10 (電話番号)","複数店舗10 (FAX番号)","複数店舗10 (始業時間)","複数店舗10 (就業時間)","複数店舗10 (定休日)","複数店舗10 (営業日・定休日備考)","複数店舗10 (その他)","ブログURL1 (既存)","ブログURL1 (ページ名)","ブログURL1 (既存ブログ)","ブログURL1 (URL)","ブログURL1 (必要有無)","ブログURL2 (既存)","ブログURL2 (ページ名)","ブログURL2 (既存ブログ)","ブログURL2 (URL)","ブログURL2 (必要有無)","ブログURL3 (既存)","ブログURL3 (ページ名)","ブログURL3 (既存ブログ)","ブログURL3 (URL)","ブログURL3 (必要有無)","ブログURL4 (既存)","ブログURL4 (ページ名)","ブログURL4 (既存ブログ)","ブログURL4 (URL)","ブログURL4 (必要有無)","ブログURL5 (既存)","ブログURL5 (ページ名)","ブログURL5 (既存ブログ)","ブログURL5 (URL)","ブログURL5 (必要有無)","アクセスURL1 (既存)","アクセスURL1 (ページ名)","アクセスURL1 (既存アクセス)","アクセスURL1 (URL)","アクセスURL1 (必要有無)","アクセスURL2 (既存)","アクセスURL2 (ページ名)","アクセスURL2 (既存アクセス)","アクセスURL2 (URL)","アクセスURL2 (必要有無)","アクセスURL3 (既存)","アクセスURL3 (ページ名)","アクセスURL3 (既存アクセス)","アクセスURL3 (URL)","アクセスURL3 (必要有無)","アクセスURL4 (既存)","アクセスURL4 (ページ名)","アクセスURL4 (既存アクセス)","アクセスURL4 (URL)","アクセスURL4 (必要有無)","アクセスURL5 (既存)","アクセスURL5 (ページ名)","アクセスURL5 (既存アクセス)","アクセスURL5 (URL)","アクセスURL5 (必要有無)","フォームURL1 (既存)","フォームURL1 (ページ名)","フォームURL1 (既存フォーム)","フォームURL1 (URL)","フォームURL1 (必要有無)","フォームURL2 (既存)","フォームURL2 (ページ名)","フォームURL2 (既存フォーム)","フォームURL2 (URL)","フォームURL2 (必要有無)","フォームURL3 (既存)","フォームURL3 (ページ名)","フォームURL3 (既存フォーム)","フォームURL3 (URL)","フォームURL3 (必要有無)","フォームURL4 (既存)","フォームURL4 (ページ名)","フォームURL4 (既存フォーム)","フォームURL4 (URL)","フォームURL4 (必要有無)","フォームURL5 (既存)","フォームURL5 (ページ名)","フォームURL5 (既存フォーム)","フォームURL5 (URL)","フォームURL5 (必要有無)","サイトマップURL (ページ名)","サイトマップURL (URL)","プライバシーポリシー (ページ名)","プライバシーポリシー (URL)","動的ページURL1 (既存)","動的ページURL1 (ページ名)","動的ページURL1 (既存動的ページ)","動的ページURL1 (URL)","動的ページURL1 (必要有無)","動的ページURL2 (既存)","動的ページURL2 (ページ名)","動的ページURL2 (既存動的ページ)","動的ページURL2 (URL)","動的ページURL2 (必要有無)","動的ページURL3 (既存)","動的ページURL3 (ページ名)","動的ページURL3 (既存動的ページ)","動的ページURL3 (URL)","動的ページURL3 (必要有無)","動的ページURL4 (既存)","動的ページURL4 (ページ名)","動的ページURL4 (既存動的ページ)","動的ページURL4 (URL)","動的ページURL4 (必要有無)","動的ページURL5 (既存)","動的ページURL5 (ページ名)","動的ページURL5 (既存動的ページ)","動的ページURL5 (URL)","動的ページURL5 (必要有無)","既存ページURL1 (既存)","既存ページURL1 (ページ名)","既存ページURL1 (既存ページ)","既存ページURL1 (URL)","既存ページURL1 (必要有無)","既存ページURL2 (既存)","既存ページURL2 (ページ名)","既存ページURL2 (既存ページ)","既存ページURL2 (URL)","既存ページURL2 (必要有無)","既存ページURL3 (既存)","既存ページURL3 (ページ名)","既存ページURL3 (既存ページ)","既存ページURL3 (URL)","既存ページURL3 (必要有無)","既存ページURL4 (既存)","既存ページURL4 (ページ名)","既存ページURL4 (既存ページ)","既存ページURL4 (URL)","既存ページURL4 (必要有無)","既存ページURL5 (既存)","既存ページURL5 (ページ名)","既存ページURL5 (既存ページ)","既存ページURL5 (URL)","既存ページURL5 (必要有無)","既存ページURL6 (既存)","既存ページURL6 (ページ名)","既存ページURL6 (既存ページ)","既存ページURL6 (URL)","既存ページURL6 (必要有無)","既存ページURL7 (既存)","既存ページURL7 (ページ名)","既存ページURL7 (既存ページ)","既存ページURL7 (URL)","既存ページURL7 (必要有無)","既存ページURL8 (既存)","既存ページURL8 (ページ名)","既存ページURL8 (既存ページ)","既存ページURL8 (URL)","既存ページURL8 (必要有無)","既存ページURL9 (既存)","既存ページURL9 (ページ名)","既存ページURL9 (既存ページ)","既存ページURL9 (URL)","既存ページURL9 (必要有無)","既存ページURL10 (既存)","既存ページURL10 (ページ名)","既存ページURL10 (既存ページ)","既存ページURL10 (URL)","既存ページURL10 (必要有無)","既存ページURL11 (既存)","既存ページURL11 (ページ名)","既存ページURL11 (既存ページ)","既存ページURL11 (URL)","既存ページURL11 (必要有無)","既存ページURL12 (既存)","既存ページURL12 (ページ名)","既存ページURL12 (既存ページ)","既存ページURL12 (URL)","既存ページURL12 (必要有無)","既存ページURL13 (既存)","既存ページURL13 (ページ名)","既存ページURL13 (既存ページ)","既存ページURL13 (URL)","既存ページURL13 (必要有無)","既存ページURL14 (既存)","既存ページURL14 (ページ名)","既存ページURL14 (既存ページ)","既存ページURL14 (URL)","既存ページURL14 (必要有無)","既存ページURL15 (既存)","既存ページURL15 (ページ名)","既存ページURL15 (既存ページ)","既存ページURL15 (URL)","既存ページURL15 (必要有無)","既存ページURL16 (既存)","既存ページURL16 (ページ名)","既存ページURL16 (既存ページ)","既存ページURL16 (URL)","既存ページURL16 (必要有無)","既存ページURL17 (既存)","既存ページURL17 (ページ名)","既存ページURL17 (既存ページ)","既存ページURL17 (URL)","既存ページURL17 (必要有無)","既存ページURL18 (既存)","既存ページURL18 (ページ名)","既存ページURL18 (既存ページ)","既存ページURL18 (URL)","既存ページURL18 (必要有無)","既存ページURL19 (既存)","既存ページURL19 (ページ名)","既存ページURL19 (既存ページ)","既存ページURL19 (URL)","既存ページURL19 (必要有無)","既存ページURL20 (既存)","既存ページURL20 (ページ名)","既存ページURL20 (既存ページ)","既存ページURL20 (URL)","既存ページURL20 (必要有無)","既存ページURL21 (既存)","既存ページURL21 (ページ名)","既存ページURL21 (既存ページ)","既存ページURL21 (URL)","既存ページURL21 (必要有無)","既存ページURL22 (既存)","既存ページURL22 (ページ名)","既存ページURL22 (既存ページ)","既存ページURL22 (URL)","既存ページURL22 (必要有無)","既存ページURL23 (既存)","既存ページURL23 (ページ名)","既存ページURL23 (既存ページ)","既存ページURL23 (URL)","既存ページURL23 (必要有無)","既存ページURL24 (既存)","既存ページURL24 (ページ名)","既存ページURL24 (既存ページ)","既存ページURL24 (URL)","既存ページURL24 (必要有無)","既存ページURL25 (既存)","既存ページURL25 (ページ名)","既存ページURL25 (既存ページ)","既存ページURL25 (URL)","既存ページURL25 (必要有無)","既存ページURL26 (既存)","既存ページURL26 (ページ名)","既存ページURL26 (既存ページ)","既存ページURL26 (URL)","既存ページURL26 (必要有無)","既存ページURL27 (既存)","既存ページURL27 (ページ名)","既存ページURL27 (既存ページ)","既存ページURL27 (URL)","既存ページURL27 (必要有無)","既存ページURL28 (既存)","既存ページURL28 (ページ名)","既存ページURL28 (既存ページ)","既存ページURL28 (URL)","既存ページURL28 (必要有無)","既存ページURL29 (既存)","既存ページURL29 (ページ名)","既存ページURL29 (既存ページ)","既存ページURL29 (URL)","既存ページURL29 (必要有無)","既存ページURL30 (既存)","既存ページURL30 (ページ名)","既存ページURL30 (既存ページ)","既存ページURL30 (URL)","既存ページURL30 (必要有無)","既存ページURL31 (既存)","既存ページURL31 (ページ名)","既存ページURL31 (既存ページ)","既存ページURL31 (URL)","既存ページURL31 (必要有無)","既存ページURL32 (既存)","既存ページURL32 (ページ名)","既存ページURL32 (既存ページ)","既存ページURL32 (URL)","既存ページURL32 (必要有無)","既存ページURL33 (既存)","既存ページURL33 (ページ名)","既存ページURL33 (既存ページ)","既存ページURL33 (URL)","既存ページURL33 (必要有無)","既存ページURL34 (既存)","既存ページURL34 (ページ名)","既存ページURL34 (既存ページ)","既存ページURL34 (URL)","既存ページURL34 (必要有無)","既存ページURL35 (既存)","既存ページURL35 (ページ名)","既存ページURL35 (既存ページ)","既存ページURL35 (URL)","既存ページURL35 (必要有無)","既存ページURL36 (既存)","既存ページURL36 (ページ名)","既存ページURL36 (既存ページ)","既存ページURL36 (URL)","既存ページURL36 (必要有無)","既存ページURL37 (既存)","既存ページURL37 (ページ名)","既存ページURL37 (既存ページ)","既存ページURL37 (URL)","既存ページURL37 (必要有無)","既存ページURL38 (既存)","既存ページURL38 (ページ名)","既存ページURL38 (既存ページ)","既存ページURL38 (URL)","既存ページURL38 (必要有無)","既存ページURL39 (既存)","既存ページURL39 (ページ名)","既存ページURL39 (既存ページ)","既存ページURL39 (URL)","既存ページURL39 (必要有無)","既存ページURL40 (既存)","既存ページURL40 (ページ名)","既存ページURL40 (既存ページ)","既存ページURL40 (URL)","既存ページURL40 (必要有無)","既存ページURL41 (既存)","既存ページURL41 (ページ名)","既存ページURL41 (既存ページ)","既存ページURL41 (URL)","既存ページURL41 (必要有無)","既存ページURL42 (既存)","既存ページURL42 (ページ名)","既存ページURL42 (既存ページ)","既存ページURL42 (URL)","既存ページURL42 (必要有無)","既存ページURL43 (既存)","既存ページURL43 (ページ名)","既存ページURL43 (既存ページ)","既存ページURL43 (URL)","既存ページURL43 (必要有無)","既存ページURL44 (既存)","既存ページURL44 (ページ名)","既存ページURL44 (既存ページ)","既存ページURL44 (URL)","既存ページURL44 (必要有無)","既存ページURL45 (既存)","既存ページURL45 (ページ名)","既存ページURL45 (既存ページ)","既存ページURL45 (URL)","既存ページURL45 (必要有無)","既存ページURL46 (既存)","既存ページURL46 (ページ名)","既存ページURL46 (既存ページ)","既存ページURL46 (URL)","既存ページURL46 (必要有無)","既存ページURL47 (既存)","既存ページURL47 (ページ名)","既存ページURL47 (既存ページ)","既存ページURL47 (URL)","既存ページURL47 (必要有無)","既存ページURL48 (既存)","既存ページURL48 (ページ名)","既存ページURL48 (既存ページ)","既存ページURL48 (URL)","既存ページURL48 (必要有無)","既存ページURL49 (既存)","既存ページURL49 (ページ名)","既存ページURL49 (既存ページ)","既存ページURL49 (URL)","既存ページURL49 (必要有無)","既存ページURL50 (既存)","既存ページURL50 (ページ名)","既存ページURL50 (既存ページ)","既存ページURL50 (URL)","既存ページURL50 (必要有無)","ページの追加1 (表示名)","ページの追加1 (タイプ)","ページの追加1 (スラッグ)","ページの追加1 (項目内容1)","ページの追加1 (項目内容2)","ページの追加1 (項目内容3)","ページの追加1 (項目内容4)","ページの追加1 (項目内容5)","ページの追加1 (項目内容6)","ページの追加1 (項目内容7)","ページの追加1 (項目内容8)","ページの追加1 (項目内容9)","ページの追加1 (項目内容10)","ページの追加1 (項目内容11)","ページの追加1 (項目内容12)","ページの追加1 (項目内容13)","ページの追加1 (項目内容14)","ページの追加1 (項目内容15)","ページの追加1 (URL)","ページの追加2 (表示名)","ページの追加2 (タイプ)","ページの追加2 (スラッグ)","ページの追加2 (項目内容1)","ページの追加2 (項目内容2)","ページの追加2 (項目内容3)","ページの追加2 (項目内容4)","ページの追加2 (項目内容5)","ページの追加2 (項目内容6)","ページの追加2 (項目内容7)","ページの追加2 (項目内容8)","ページの追加2 (項目内容9)","ページの追加2 (項目内容10)","ページの追加2 (項目内容11)","ページの追加2 (項目内容12)","ページの追加2 (項目内容13)","ページの追加2 (項目内容14)","ページの追加2 (項目内容15)","ページの追加2 (URL)","ページの追加3 (表示名)","ページの追加3 (タイプ)","ページの追加3 (スラッグ)","ページの追加3 (項目内容1)","ページの追加3 (項目内容2)","ページの追加3 (項目内容3)","ページの追加3 (項目内容4)","ページの追加3 (項目内容5)","ページの追加3 (項目内容6)","ページの追加3 (項目内容7)","ページの追加3 (項目内容8)","ページの追加3 (項目内容9)","ページの追加3 (項目内容10)","ページの追加3 (項目内容11)","ページの追加3 (項目内容12)","ページの追加3 (項目内容13)","ページの追加3 (項目内容14)","ページの追加3 (項目内容15)","ページの追加3 (URL)","ページの追加4 (表示名)","ページの追加4 (タイプ)","ページの追加4 (スラッグ)","ページの追加4 (項目内容1)","ページの追加4 (項目内容2)","ページの追加4 (項目内容3)","ページの追加4 (項目内容4)","ページの追加4 (項目内容5)","ページの追加4 (項目内容6)","ページの追加4 (項目内容7)","ページの追加4 (項目内容8)","ページの追加4 (項目内容9)","ページの追加4 (項目内容10)","ページの追加4 (項目内容11)","ページの追加4 (項目内容12)","ページの追加4 (項目内容13)","ページの追加4 (項目内容14)","ページの追加4 (項目内容15)","ページの追加4 (URL)","ページの追加5 (表示名)","ページの追加5 (タイプ)","ページの追加5 (スラッグ)","ページの追加5 (項目内容1)","ページの追加5 (項目内容2)","ページの追加5 (項目内容3)","ページの追加5 (項目内容4)","ページの追加5 (項目内容5)","ページの追加5 (項目内容6)","ページの追加5 (項目内容7)","ページの追加5 (項目内容8)","ページの追加5 (項目内容9)","ページの追加5 (項目内容10)","ページの追加5 (項目内容11)","ページの追加5 (項目内容12)","ページの追加5 (項目内容13)","ページの追加5 (項目内容14)","ページの追加5 (項目内容15)","ページの追加5 (URL)","ページの追加6 (表示名)","ページの追加6 (タイプ)","ページの追加6 (スラッグ)","ページの追加6 (項目内容1)","ページの追加6 (項目内容2)","ページの追加6 (項目内容3)","ページの追加6 (項目内容4)","ページの追加6 (項目内容5)","ページの追加6 (項目内容6)","ページの追加6 (項目内容7)","ページの追加6 (項目内容8)","ページの追加6 (項目内容9)","ページの追加6 (項目内容10)","ページの追加6 (項目内容11)","ページの追加6 (項目内容12)","ページの追加6 (項目内容13)","ページの追加6 (項目内容14)","ページの追加6 (項目内容15)","ページの追加6 (URL)","ページの追加7 (表示名)","ページの追加7 (タイプ)","ページの追加7 (スラッグ)","ページの追加7 (項目内容1)","ページの追加7 (項目内容2)","ページの追加7 (項目内容3)","ページの追加7 (項目内容4)","ページの追加7 (項目内容5)","ページの追加7 (項目内容6)","ページの追加7 (項目内容7)","ページの追加7 (項目内容8)","ページの追加7 (項目内容9)","ページの追加7 (項目内容10)","ページの追加7 (項目内容11)","ページの追加7 (項目内容12)","ページの追加7 (項目内容13)","ページの追加7 (項目内容14)","ページの追加7 (項目内容15)","ページの追加7 (URL)","ページの追加8 (表示名)","ページの追加8 (タイプ)","ページの追加8 (スラッグ)","ページの追加8 (項目内容1)","ページの追加8 (項目内容2)","ページの追加8 (項目内容3)","ページの追加8 (項目内容4)","ページの追加8 (項目内容5)","ページの追加8 (項目内容6)","ページの追加8 (項目内容7)","ページの追加8 (項目内容8)","ページの追加8 (項目内容9)","ページの追加8 (項目内容10)","ページの追加8 (項目内容11)","ページの追加8 (項目内容12)","ページの追加8 (項目内容13)","ページの追加8 (項目内容14)","ページの追加8 (項目内容15)","ページの追加8 (URL)","ページの追加9 (表示名)","ページの追加9 (タイプ)","ページの追加9 (スラッグ)","ページの追加9 (項目内容1)","ページの追加9 (項目内容2)","ページの追加9 (項目内容3)","ページの追加9 (項目内容4)","ページの追加9 (項目内容5)","ページの追加9 (項目内容6)","ページの追加9 (項目内容7)","ページの追加9 (項目内容8)","ページの追加9 (項目内容9)","ページの追加9 (項目内容10)","ページの追加9 (項目内容11)","ページの追加9 (項目内容12)","ページの追加9 (項目内容13)","ページの追加9 (項目内容14)","ページの追加9 (項目内容15)","ページの追加9 (URL)","ページの追加10 (表示名)","ページの追加10 (タイプ)","ページの追加10 (スラッグ)","ページの追加10 (項目内容1)","ページの追加10 (項目内容2)","ページの追加10 (項目内容3)","ページの追加10 (項目内容4)","ページの追加10 (項目内容5)","ページの追加10 (項目内容6)","ページの追加10 (項目内容7)","ページの追加10 (項目内容8)","ページの追加10 (項目内容9)","ページの追加10 (項目内容10)","ページの追加10 (項目内容11)","ページの追加10 (項目内容12)","ページの追加10 (項目内容13)","ページの追加10 (項目内容14)","ページの追加10 (項目内容15)","ページの追加10 (URL)","ページの追加11 (表示名)","ページの追加11 (タイプ)","ページの追加11 (スラッグ)","ページの追加11 (項目内容1)","ページの追加11 (項目内容2)","ページの追加11 (項目内容3)","ページの追加11 (項目内容4)","ページの追加11 (項目内容5)","ページの追加11 (項目内容6)","ページの追加11 (項目内容7)","ページの追加11 (項目内容8)","ページの追加11 (項目内容9)","ページの追加11 (項目内容10)","ページの追加11 (項目内容11)","ページの追加11 (項目内容12)","ページの追加11 (項目内容13)","ページの追加11 (項目内容14)","ページの追加11 (項目内容15)","ページの追加11 (URL)","ページの追加12 (表示名)","ページの追加12 (タイプ)","ページの追加12 (スラッグ)","ページの追加12 (項目内容1)","ページの追加12 (項目内容2)","ページの追加12 (項目内容3)","ページの追加12 (項目内容4)","ページの追加12 (項目内容5)","ページの追加12 (項目内容6)","ページの追加12 (項目内容7)","ページの追加12 (項目内容8)","ページの追加12 (項目内容9)","ページの追加12 (項目内容10)","ページの追加12 (項目内容11)","ページの追加12 (項目内容12)","ページの追加12 (項目内容13)","ページの追加12 (項目内容14)","ページの追加12 (項目内容15)","ページの追加12 (URL)","ページの追加13 (表示名)","ページの追加13 (タイプ)","ページの追加13 (スラッグ)","ページの追加13 (項目内容1)","ページの追加13 (項目内容2)","ページの追加13 (項目内容3)","ページの追加13 (項目内容4)","ページの追加13 (項目内容5)","ページの追加13 (項目内容6)","ページの追加13 (項目内容7)","ページの追加13 (項目内容8)","ページの追加13 (項目内容9)","ページの追加13 (項目内容10)","ページの追加13 (項目内容11)","ページの追加13 (項目内容12)","ページの追加13 (項目内容13)","ページの追加13 (項目内容14)","ページの追加13 (項目内容15)","ページの追加13 (URL)","ページの追加14 (表示名)","ページの追加14 (タイプ)","ページの追加14 (スラッグ)","ページの追加14 (項目内容1)","ページの追加14 (項目内容2)","ページの追加14 (項目内容3)","ページの追加14 (項目内容4)","ページの追加14 (項目内容5)","ページの追加14 (項目内容6)","ページの追加14 (項目内容7)","ページの追加14 (項目内容8)","ページの追加14 (項目内容9)","ページの追加14 (項目内容10)","ページの追加14 (項目内容11)","ページの追加14 (項目内容12)","ページの追加14 (項目内容13)","ページの追加14 (項目内容14)","ページの追加14 (項目内容15)","ページの追加14 (URL)","ページの追加15 (表示名)","ページの追加15 (タイプ)","ページの追加15 (スラッグ)","ページの追加15 (項目内容1)","ページの追加15 (項目内容2)","ページの追加15 (項目内容3)","ページの追加15 (項目内容4)","ページの追加15 (項目内容5)","ページの追加15 (項目内容6)","ページの追加15 (項目内容7)","ページの追加15 (項目内容8)","ページの追加15 (項目内容9)","ページの追加15 (項目内容10)","ページの追加15 (項目内容11)","ページの追加15 (項目内容12)","ページの追加15 (項目内容13)","ページの追加15 (項目内容14)","ページの追加15 (項目内容15)","ページの追加15 (URL)","ページの追加16 (表示名)","ページの追加16 (タイプ)","ページの追加16 (スラッグ)","ページの追加16 (項目内容1)","ページの追加16 (項目内容2)","ページの追加16 (項目内容3)","ページの追加16 (項目内容4)","ページの追加16 (項目内容5)","ページの追加16 (項目内容6)","ページの追加16 (項目内容7)","ページの追加16 (項目内容8)","ページの追加16 (項目内容9)","ページの追加16 (項目内容10)","ページの追加16 (項目内容11)","ページの追加16 (項目内容12)","ページの追加16 (項目内容13)","ページの追加16 (項目内容14)","ページの追加16 (項目内容15)","ページの追加16 (URL)","ページの追加17 (表示名)","ページの追加17 (タイプ)","ページの追加17 (スラッグ)","ページの追加17 (項目内容1)","ページの追加17 (項目内容2)","ページの追加17 (項目内容3)","ページの追加17 (項目内容4)","ページの追加17 (項目内容5)","ページの追加17 (項目内容6)","ページの追加17 (項目内容7)","ページの追加17 (項目内容8)","ページの追加17 (項目内容9)","ページの追加17 (項目内容10)","ページの追加17 (項目内容11)","ページの追加17 (項目内容12)","ページの追加17 (項目内容13)","ページの追加17 (項目内容14)","ページの追加17 (項目内容15)","ページの追加17 (URL)","ページの追加18 (表示名)","ページの追加18 (タイプ)","ページの追加18 (スラッグ)","ページの追加18 (項目内容1)","ページの追加18 (項目内容2)","ページの追加18 (項目内容3)","ページの追加18 (項目内容4)","ページの追加18 (項目内容5)","ページの追加18 (項目内容6)","ページの追加18 (項目内容7)","ページの追加18 (項目内容8)","ページの追加18 (項目内容9)","ページの追加18 (項目内容10)","ページの追加18 (項目内容11)","ページの追加18 (項目内容12)","ページの追加18 (項目内容13)","ページの追加18 (項目内容14)","ページの追加18 (項目内容15)","ページの追加18 (URL)","ページの追加19 (表示名)","ページの追加19 (タイプ)","ページの追加19 (スラッグ)","ページの追加19 (項目内容1)","ページの追加19 (項目内容2)","ページの追加19 (項目内容3)","ページの追加19 (項目内容4)","ページの追加19 (項目内容5)","ページの追加19 (項目内容6)","ページの追加19 (項目内容7)","ページの追加19 (項目内容8)","ページの追加19 (項目内容9)","ページの追加19 (項目内容10)","ページの追加19 (項目内容11)","ページの追加19 (項目内容12)","ページの追加19 (項目内容13)","ページの追加19 (項目内容14)","ページの追加19 (項目内容15)","ページの追加19 (URL)","ページの追加20 (表示名)","ページの追加20 (タイプ)","ページの追加20 (スラッグ)","ページの追加20 (項目内容1)","ページの追加20 (項目内容2)","ページの追加20 (項目内容3)","ページの追加20 (項目内容4)","ページの追加20 (項目内容5)","ページの追加20 (項目内容6)","ページの追加20 (項目内容7)","ページの追加20 (項目内容8)","ページの追加20 (項目内容9)","ページの追加20 (項目内容10)","ページの追加20 (項目内容11)","ページの追加20 (項目内容12)","ページの追加20 (項目内容13)","ページの追加20 (項目内容14)","ページの追加20 (項目内容15)","ページの追加20 (URL)","備考","既存サイトのデータ移管を希望しますか","管理画面情報をご存知ですか","管理画面URL","ID / アカウント","パスワード","ブログ移管1","ブログ移管2","ブログ移管3","ブログ移管4","ブログ移管5","動的ページ移管1","動的ページ移管2","動的ページ移管3","動的ページ移管4","動的ページ移管5","重点ワード1 (ワード)","重点ワード2 (ワード)","重点ワード3 (ワード)","重点ワード4 (ワード)","重点ワード5 (ワード)","タグワード1","タグワード2","タグワード3","タグワード4","タグワード5","タグワード6","タグワード7","タグワード8","タグワード9","タグワード10","背景色","メインカラー","アクセントカラー","参考サイト1 (URL)","参考サイト1 (種別)","参考サイト1 (備考)","参考サイト2 (URL)","参考サイト2 (種別)","参考サイト2 (備考)","参考サイト3 (URL)","参考サイト3 (種別)","参考サイト3 (備考)","参考サイト4 (URL)","参考サイト4 (種別)","参考サイト4 (備考)","参考サイト5 (URL)","参考サイト5 (種別)","参考サイト5 (備考)","参考サイト6 (URL)","参考サイト6 (種別)","参考サイト6 (備考)","参考サイト7 (URL)","参考サイト7 (種別)","参考サイト7 (備考)","参考サイト8 (URL)","参考サイト8 (種別)","参考サイト8 (備考)","参考サイト9 (URL)","参考サイト9 (種別)","参考サイト9 (備考)","参考サイト10 (URL)","参考サイト10 (種別)","参考サイト10 (備考)","主なお客様層","求めたい雰囲気","求めたくない雰囲気","画像NGテイスト","カメラマン派遣","漫画掲載オプション","漫画構成","漫画の主人公","漫画の主人公にしたい方の画像","マルチインデックス (多言語化)","マルチインデックス (言語選択)","ロゴデータ","ロゴ調整","ロゴデータファイル","CV先","facebookアカウント","Twitterアカウント","アメブロ連携","オプション備考","SEOページ1 (冒頭指示)","SEOページ1 (冒頭内容)","SEOページ1 (推1指示)","SEOページ1 (推1内容)","SEOページ1 (推2指示)","SEOページ1 (推2内容)","SEOページ1 (まとめ指示)","SEOページ1 (まとめ内容)","SEOページ2 (冒頭指示)","SEOページ2 (冒頭内容)","SEOページ2 (推1指示)","SEOページ2 (推1内容)","SEOページ2 (推2指示)","SEOページ2 (推2内容)","SEOページ2 (まとめ指示)","SEOページ2 (まとめ内容)","SEOページ3 (冒頭指示)","SEOページ3 (冒頭内容)","SEOページ3 (推1指示)","SEOページ3 (推1内容)","SEOページ3 (推2指示)","SEOページ3 (推2内容)","SEOページ3 (まとめ指示)","SEOページ3 (まとめ内容)","SEOページ4 (冒頭指示)","SEOページ4 (冒頭内容)","SEOページ4 (推1指示)","SEOページ4 (推1内容)","SEOページ4 (推2指示)","SEOページ4 (推2内容)","SEOページ4 (まとめ指示)","SEOページ4 (まとめ内容)","SEOページ5 (冒頭指示)","SEOページ5 (冒頭内容)","SEOページ5 (推1指示)","SEOページ5 (推1内容)","SEOページ5 (推2指示)","SEOページ5 (推2内容)","SEOページ5 (まとめ指示)","SEOページ5 (まとめ内容)","タグページ1 (指示)","タグページ1 (内容)","タグページ2 (指示)","タグページ2 (内容)","タグページ3 (指示)","タグページ3 (内容)","タグページ4 (指示)","タグページ4 (内容)","タグページ5 (指示)","タグページ5 (内容)","タグページ6 (指示)","タグページ6 (内容)","タグページ7 (指示)","タグページ7 (内容)","タグページ8 (指示)","タグページ8 (内容)","タグページ9 (指示)","タグページ9 (内容)","タグページ10 (指示)","タグページ10 (内容)","録音データ","録音データURL","価格","施設","営業時間・予約","雰囲気","売り","文章の柔らかさ","内容の傾向","文章の視点","ライティングNGテイスト","来店時の予約","予約方法","ライティング備考","ライティング日数","制作日数","プライバシーポリシーはありますか？","プライバシーポリシーURL","他社サービスのデータ移管を希望しますか","他社サービスURL","他社サービスの管理画面情報","他社サービス管理画面情報をご存知ですか","他社サービスのID / アカウント","他社サービスのパスワード","担当者メールアドレス","漫画スタッフ情報","店舗ページ数","(2)ページ数","編集URL","SEOページ1(概要)","SEOページ2(概要)","SEOページ3(概要)","SEOページ4(概要)","SEOページ5(概要)","広域","販売店名","商材","入力企業","入力者名","商材タイプ","重点ワード1 (地域)","重点ワード2 (地域)","重点ワード3 (地域)","重点ワード4 (地域)","重点ワード5 (地域)","重点ワード6 (ワード)","重点ワード6 (地域)","重点ワード7 (ワード)","重点ワード7 (地域)","重点ワード8 (ワード)","重点ワード8 (地域)","重点ワード9 (ワード)","重点ワード9 (地域)","重点ワード10 (ワード)","重点ワード10 (地域)","ロゴ表記名","重点ページ数","SEOページ6 (冒頭指示)","SEOページ6 (冒頭内容)","SEOページ6 (推1指示)","SEOページ6 (推1内容)","SEOページ6 (推2指示)","SEOページ6 (推2内容)","SEOページ6 (まとめ指示)","SEOページ6 (まとめ内容)","SEOページ7 (冒頭指示)","SEOページ7 (冒頭内容)","SEOページ7 (推1指示)","SEOページ7 (推1内容)","SEOページ7 (推2指示)","SEOページ7 (推2内容)","SEOページ7 (まとめ指示)","SEOページ7 (まとめ内容)","SEOページ8 (冒頭指示)","SEOページ8 (冒頭内容)","SEOページ8 (推1指示)","SEOページ8 (推1内容)","SEOページ8 (推2指示)","SEOページ8 (推2内容)","SEOページ8 (まとめ指示)","SEOページ8 (まとめ内容)","SEOページ9 (冒頭指示)","SEOページ9 (冒頭内容)","SEOページ9 (推1指示)","SEOページ9 (推1内容)","SEOページ9 (推2指示)","SEOページ9 (推2内容)","SEOページ9 (まとめ指示)","SEOページ9 (まとめ内容)","SEOページ10 (冒頭指示)","SEOページ10 (冒頭内容)","SEOページ10 (推1指示)","SEOページ10 (推1内容)","SEOページ10 (推2指示)","SEOページ10 (推2内容)","SEOページ10 (まとめ指示)","SEOページ10 (まとめ内容)","見積もり日数","参考サイト1 (提示者)","参考サイト2 (提示者)","参考サイト3 (提示者)","参考サイト4 (提示者)","参考サイト5 (提示者)","参考サイト6 (提示者)","参考サイト7 (提示者)","参考サイト8 (提示者)","参考サイト9 (提示者)","参考サイト10 (提示者)","提供画像有無","提供画像URL","各種サイト内の画像使用","Instagramアカウント","Instagram連動","facebookページURL","TwitterアカウントURL","InstagramアカウントURL","GBP連動","サイテーション","重点ワード11 (ワード)","重点ワード11 (地域)","重点ワード12 (ワード)","重点ワード12 (地域)","重点ワード13 (ワード)","重点ワード13 (地域)","重点ワード14 (ワード)","重点ワード14 (地域)","重点ワード15 (ワード)","重点ワード15 (地域)","SEOページ11 (冒頭指示)","SEOページ11 (冒頭内容)","SEOページ11 (推1指示)","SEOページ11 (推1内容)","SEOページ11 (推2指示)","SEOページ11 (推2内容)","SEOページ11 (まとめ指示)","SEOページ11 (まとめ内容)","SEOページ12 (冒頭指示)","SEOページ12 (冒頭内容)","SEOページ12 (推1指示)","SEOページ12 (推1内容)","SEOページ12 (推2指示)","SEOページ12 (推2内容)","SEOページ12 (まとめ指示)","SEOページ12 (まとめ内容)","SEOページ13 (冒頭指示)","SEOページ13 (冒頭内容)","SEOページ13 (推1指示)","SEOページ13 (推1内容)","SEOページ13 (推2指示)","SEOページ13 (推2内容)","SEOページ13 (まとめ指示)","SEOページ13 (まとめ内容)","SEOページ14 (冒頭指示)","SEOページ14 (冒頭内容)","SEOページ14 (推1指示)","SEOページ14 (推1内容)","SEOページ14 (推2指示)","SEOページ14 (推2内容)","SEOページ14 (まとめ指示)","SEOページ14 (まとめ内容)","SEOページ15 (冒頭指示)","SEOページ15 (冒頭内容)","SEOページ15 (推1指示)","SEOページ15 (推1内容)","SEOページ15 (推2指示)","SEOページ15 (推2内容)","SEOページ15 (まとめ指示)","SEOページ15 (まとめ内容)","Instagram-ID","Instagram-Pass","Instagram-ログイン","facebook-ID","facebook-Pass","facebook-ログイン","複数店舗1 (キーワード)","複数店舗2 (キーワード)","複数店舗3 (キーワード)","複数店舗4 (キーワード)","複数店舗5 (キーワード)","複数店舗6 (キーワード)","複数店舗7 (キーワード)","複数店舗8 (キーワード)","複数店舗9 (キーワード)","複数店舗10 (キーワード)","注意事項","15秒動画","動画サイズ","LINE公式アカウント","LINE公式アカウントURL","信販区分","設置先住所","信販区分 - 名称","信販区分 - 郵便番号","信販区分 - 都道府県","信販区分 - 市区町村","信販区分 - 町名","信販区分 - 物件名","信販区分 - 電話番号","口コミ表示1","口コミ表示名1","口コミ表示2","口コミ表示名2","口コミ表示3","口コミ表示名3","口コミ表示4","口コミ表示名4","口コミ表示5","口コミ表示名5","口コミ表示6","口コミ表示名6","口コミ表示7","口コミ表示名7","口コミ表示8","口コミ表示名8","口コミ表示9","口コミ表示名9","口コミ表示10","口コミ表示名10","制作種別","コンセプト","アピール","求める人物像","仕事内容","既存社員からのメッセージ","キーワード(その他)","求職者に伝えたいこと","求人1","求人2","求人3","求人4","求人5","求人6","求人7","求人8","求人9","求人10","キーワード (求人)","AIサポート","その他 (契約情報 > サイト制作目的)","その他 (お客様情報 > お客様のニーズ)","その他 (リクルート > 求人キーワード)","その他 (リクルート > 求職者に伝えたいこと)","その他 (制作内容 > 主なお客様層)","その他 (制作内容 > 求めたい雰囲気)","その他 (制作内容 > 求めたくない雰囲気)","会社に関して","被リンクオプション","営業同行","予約システム","ID","選択＋重点ページ","ヒヤリング担当者","エンゲージへの掲載希望","事業形態","法人番号","コーポレートHP","開業届","その他申請書類","CVボタンテキスト","その他の場合","予約システムなしの理由","その他の理由","転送先メアド","企業情報","表示企業名","都道府県","市区町村","町名・番地","建物名","会社電話番号","担当者","会社名","代表者氏名","部署名","業種","詳細業種","カラー","備考","即時利用の希望","TOP踏襲","予約システム事前見積もり"
"断捨離工房","サテライトリニューアル","単店舗","1","dansharikoubou.com","https://peraichi.com/landing_pages/view/dansharishop/","参考にしない","参考にしない","いいえ","","","","","","いいえ","","","","","","いいえ","","","","","","いいえ","","いいえ","","","","","","なし","なし","","","集客 (訪問型)","","金沢市","便利屋","サービス業","便利屋","","訪問型","1名","新規ドメイン","アシストサーバ使用","アシストへ委託","町口 努","マチグチ ツトム","090-2032-2777","","いつでも、12:00～13:00","いつでも","良い人","既存サイトでの反響がない","普通","普通","普通","※アシストにてヒアリング

■連絡取りやすい時間帯：強いて言うなら昼頃（基本はいつでもOK）

■ごあいさつページに関して
掲載内容未決のため次回ディレクション時にヒアリングお願いします。

","","断捨離工房","921-8025","石川県金沢市増泉４丁目１０−１６","090-2032-2777","","9:00","18:00","不定休","月～土　9:00～18:00
日・祝　9:00～16:00
","対応エリア：金沢市、白山エリア中心
遠方の方もぜひご相談ください。","","","","","","","","","","","","","","","","","","","","","","","","","","","","","","","","","","","","","","","","","","","","","","","","","","","","","","","","","","","","","","","","","","","","","","","","","","","","","","","","","","","","","","","","","","","","","","","","","","","","","","","","","","","","","","","","","","","","","","","","","","","","","","","","","","","","","","","","","","","","","","","","","","","","","","","","","","","","","","","","","","","","","","","","","","","","","","","","ページ名がありません","","ページ名がありません","","","","","","","","","","","","","","","","","","","","","","","","","","","","","","","","","","","","","","","","","","","","","","","","","","","","","","","","","","","","","","","","","","","","","","","","","","","","","","","","","","","","","","","","","","","","","","","","","","","","","","","","","","","","","","","","","","","","","","","","","","","","","","","","","","","","","","","","","","","","","","","","","","","","","","","","","","","","","","","","","","","","","","","","","","","","","","","","","","","","","","","","","","","","","","","","","","","","","","","","","","","","","","","","","","","","","","","","","","","","","","","","","","","","","","","","","","","","","","","","","","","","","","","","","","","","","","","","","","","","","","","","","","","","","","","","","","","","","選ばれる理由","コンセプト","reason","街の頼れる便利屋さん","「親切丁寧」がモットーです","あなただけのニーズに応えるオーダーメイドサービス","お急ぎの場合にも対応！","安心価格でご提供","相談だけでもOK！まずはお見積りを。","","","","","","","","","","","サービス・料金","サービス","service","不用品回収・買取","バッテリー上がり充電","引っ越し・施設退所時等の清掃","草刈り・庭木伐採","水回り解決・雨樋清掃など","タイヤの出張交換","緊急：排水のつまり改善","エアコン新規取付・取り外し","PC・スマートフォンの設定","ゴミ屋敷清掃、遺品整理、生前整理、解体前清掃など","車の名義変更・廃車処理・廃車の処分","色んなお困りごと解決","","","","","ごあいさつ","スタッフ (代表挨拶・代表のみ)","greeting","","","","","","","","","","","","","","","","","よくある質問","よくある質問","faq","","","","","","","","","","","","","","","","","お客様の声","お客様の声","voice","","","","","","","","","","","","","","","","","新着情報","新着情報","news","","","","","","","","","","","","","","","","","","","","","","","","","","","","","","","","","","","","","","","","","","","","","","","","","","","","","","","","","","","","","","","","","","","","","","","","","","","","","","","","","","","","","","","","","","","","","","","","","","","","","","","","","","","","","","","","","","","","","","","","","","","","","","","","","","","","","","","","","","","","","","","","","","","","","","","","","","","","","","","","","","","","","","","","","","","","","","","","","","","","","","","","","","","","","","","","","","","","","","","","","","","","","","","","","","","","","","","","","","","","","","","","","","","","","","","","","","","","","","","","","","","","","","","","","","","","","","","","","","","","","","","","","","","","","","","","","","","","","","","","","","","■TOP踏襲なし

■サービス・料金ページに関して
・それぞれのライティング文章の下に、金額等の追記をお願いします。
①不用品回収、買取
価格：0円～数万円（要見積もり）

②バッテリー上がり充電
30分 8,800円（ハイブリッド車除く）

③引っ越し・施設退所時の片付けや清掃
1時間～ 要見積もり（目安：1万円～）

④草刈り・庭木伐採
1時間～ 要見積もり（目安：3,000円～）

⑤水回り解決・雨樋清掃など
1時間～ 要見積もり（目安：3,000円～）

⑥タイヤの出張交換
1時間　3,300円

⑦緊急：排水のつまり改善
2時間～要見積もり（目安：5,000円～）

⑧エアコン新規取付・取り外し
1時間～ 要見積もり（目安：3,000円～13,000円）

⑨PC・スマートフォンの設定
1時間～要見積もり（目安：5,000円～）

⑩ゴミ屋敷清掃、遺品整理、生前整理、解体前清掃など
5時間～要見積もり（目安：1万円～）

⑪車の名義変更・廃車処理・廃車の処分
1時間～要見積もり（目安：5,000円～）

⑫色んなお困りごと解決
1時間～要見積もり（目安：3,000円～）

・ページ下部に下記内容の入れ込みお願いします。
--------------------
【対応エリア】
金沢エリア、白山エリアを中心にサービスを行っています。
遠方でサービスを受けたい場合もご相談次第で可能です。
石川県は南北に長いので、全域をカバーするのはなかなか難しいですが、私はもともと中能登町（旧鳥屋町）出身なので、能登にはとても愛着があります。ご相談次第で能登でも行きます。また、南も能美市ぐらいまでであれば、よく行っていますのでご相談ください。
--------------------

■よくある質問ページに関して
既存ページ（https://www.xn--pxu83c105f.shop/blank-2）より12件の入れ込みをお願いします。

","","","","","","","","","","","","","","","","引っ越し","不用品回収","草刈り","エアコン","遺品整理","荷物運び","家具移動","家具組み立て","庭木伐採","掃除","ゴミ屋敷","タイヤ交換","高齢者","相談","雨樋","#ffffff","#afe2ef","#1695a6","https://www.xn--pxu83c105f.shop/","お客様所有の別サイト","備考：現行サイト
ライティングの参考にしてください","","","","","","","","","","","","","","","","","","","","","","","","","","","","40代、50代以上、男性","シンプル（メイン）、清潔・さわやか、その他","高級感、和風","","なし","なし","","","ファイル","","","なし (簡単ロゴ制作)","","ファイル","https://line.me/R/ti/p/@111difwg","なし","なし","なし","","おまかせ","","おまかせ","","おまかせ","","おまかせ","","おまかせ","","おまかせ","","おまかせ","","おまかせ","","おまかせ","","おまかせ","","おまかせ","","おまかせ","","おまかせ","","おまかせ","","おまかせ","","おまかせ","","おまかせ","","おまかせ","","おまかせ","","おまかせ","","おまかせ","","おまかせ","","おまかせ","","おまかせ","","おまかせ","","おまかせ","","おまかせ","","おまかせ","","おまかせ","","おまかせ","","あり","https://drive.google.com/drive/folders/1Zpu0o05_qO7VkNsr5N4Fs2BTp7ei4fUX?usp=drive_link","安い、安心価格、良心価格","該当なし","土曜営業、日曜営業、祝日営業、ネット予約可、[時間外対応可能（要相談）]","丁寧、明るい、アットホーム、接客の良さ","地域密着、高リピート率、信頼と実績、実績多数、素早い対応、[親切丁寧、親身]、[人柄・人間性]","柔らかい文","お任せ (主に店舗紹介)","お任せ (主に紹介的な文章)","敷居が高い表現","予約必須","電話、他社専用サービス","録音の【　お客様の事業についてヒアリング　】から参考にお願いします。
下記の内容を推していきたいとのことですので、ライティング内容に入れていただくようお願いします。
■まずはご相談ください！！相談のみも可能
■相見積もりも可能なのでぜひ見積もりしてください

「改善」はお客様希望です

■TOP踏襲なし","6","5","いいえ","","-","-","-","-","-","-","dansharinet@gmail.com",",,,","1","6","https://ipp31.hearing-sys.site/form/input/22281/","","","","","","いいえ","株式会社アシスト","IPP3 (アシスト)","株式会社アシスト","株式会社アシスト","スタンダード","","","","","","","","","","","","","","","","断捨離工房","5","おまかせ","","おまかせ","","おまかせ","","おまかせ","","おまかせ","","おまかせ","","おまかせ","","おまかせ","","おまかせ","","おまかせ","","おまかせ","","おまかせ","","おまかせ","","おまかせ","","おまかせ","","おまかせ","","おまかせ","","おまかせ","","おまかせ","","おまかせ","","","ヒアリング担当より提示","","","","","","","","","","なし","","使用可能","新規制作","","","","","","","","","","","","","","","","","おまかせ","","おまかせ","","おまかせ","","おまかせ","","おまかせ","","おまかせ","","おまかせ","","おまかせ","","おまかせ","","おまかせ","","おまかせ","","おまかせ","","おまかせ","","おまかせ","","おまかせ","","おまかせ","","おまかせ","","おまかせ","","おまかせ","","おまかせ","","","","","","","","","","","","","","","","","","該当無し","なし","","あり","https://line.me/R/ti/p/@111difwg","アシスト信販","申込住所","","","","","","","","表示しない","","","","","","","","","","","","","","","","","","","","通常","","","","","","","","|-||-||-||-||-||-|08|-|00|-|08|-|00|-||-|月給|-||-||-||-||-||-||-||-||-||-||-|","|-||-||-||-||-||-||-||-||-||-||-||-||-||-||-||-||-||-||-||-||-||-|","|-||-||-||-||-||-||-||-||-||-||-||-||-||-||-||-||-||-||-||-||-||-|","|-||-||-||-||-||-||-||-||-||-||-||-||-||-||-||-||-||-||-||-||-||-|","|-||-||-||-||-||-||-||-||-||-||-||-||-||-||-||-||-||-||-||-||-||-|","|-||-||-||-||-||-||-||-||-||-||-||-||-||-||-||-||-||-||-||-||-||-|","|-||-||-||-||-||-||-||-||-||-||-||-||-||-||-||-||-||-||-||-||-||-|","|-||-||-||-||-||-||-||-||-||-||-||-||-||-||-||-||-||-||-||-||-||-|","|-||-||-||-||-||-||-||-||-||-||-||-||-||-||-||-||-||-||-||-||-||-|","|-||-||-||-||-||-||-||-||-||-||-||-||-||-||-||-||-||-||-||-||-||-|","","あり","","","","","","誠実な感じ","","|-||-||-||-||-||-|","申し込まない","なし","なし","22281","1","","","","","","","","ご予約はこちら","","1.非対象業種","","","","","","","","","","","","","","","","","","","踏襲しない","",
